name,code,abbreviation
RMIT University,RMIT,RAD
Melbourne University,Melbourne,MUDS
Monash University,Monash,MAD
Victoria University,Victoria,VIC
Auckland University,Auckland,AKL
Otago University,Otago,OUDCS